,unemployment_rate,employment_rate,mean_wage,wage_gini,n_firms,job_finding_rate,separation_rate,discouraged_share,vacancy_count,capability_level,ai_price,adoption_share,automated_task_share,output_index,layoff_rate,market_tightness,wage_p10,wage_p25,wage_p50,wage_p75,wage_p90
0,0.052,0.948,1.0231204884323253,0.2907506616658849,211,0.23529411764705882,0.011578947368421053,0.0,167,0.16002915906776533,0.7763564268388066,0.0,0.0,1.00833339906354,0.007368421052631579,1.6057692307692308,0.47622120113999833,0.6292093703848665,0.866374913028144,1.255042727695785,1.7680049372792173
1,0.0585,0.9415,1.021046333249163,0.290944237928313,211,0.25949367088607594,0.010021097046413503,0.0,240,0.170776613699551,0.753411626867399,0.0,0.0,1.0174376404861347,0.018459915611814346,2.051282051282051,0.4750197974940545,0.6230351236931144,0.8675484995799836,1.2543573911924015,1.7615829304585644
2,0.068,0.932,1.0159505133288311,0.29021840611006827,211,0.24861878453038674,0.01168348380244291,0.0,314,0.182145794749389,0.7311449482169826,0.0,0.0,1.0272750271467515,0.022304832713754646,2.3088235294117645,0.4759975218376185,0.6207591196629287,0.853621990459647,1.244488151321076,1.758600353146539
3,0.098,0.902,1.013672988914937,0.2912990403303713,211,0.22529644268774704,0.011266094420600859,0.0,371,0.19398586340400983,0.709536349373726,0.0,0.0,1.0371922888008933,0.05150214592274678,1.8928571428571428,0.4726472761529856,0.6136538705210721,0.8504660679270594,1.2391532638745049,1.7411028722614084
4,0.112,0.888,1.0090341348416416,0.29083198922326614,211,0.2222222222222222,0.01607538802660754,0.0,435,0.20646639212594414,0.6885663811400463,0.0,0.0,1.047363762816832,0.03492239467849224,1.9419642857142858,0.47061923601095457,0.6133946923498104,0.8437931543246117,1.2311217582556577,1.7398337255047824
5,0.157,0.843,1.006761114136934,0.28981554419451183,211,0.1989795918367347,0.010135135135135136,0.0,481,0.219399999554492,0.6682161691290176,0.0,0.0,1.0581096800498813,0.08445945945945946,1.5318471337579618,0.46767650885032075,0.6086339264390335,0.841696825905949,1.2364609418295078,1.7297563056129381
6,0.152,0.848,1.0007829834293398,0.2867439979722686,211,0.2761904761904762,0.004151838671411625,0.0,449,0.23292674660247567,0.6484673967761497,0.0,0.0,1.0691422270728785,0.05871886120996441,1.4769736842105263,0.4681717462517635,0.6105418838304275,0.8390523254129322,1.2327277201569489,1.7105707582570027
7,0.1535,0.8465,0.9870958561849414,0.28560497450207384,211,0.2584541062801932,0.01474056603773585,0.0,441,0.24697811325426758,0.6293022888532428,0.0,0.0,1.0803865447768637,0.05011792452830189,1.4364820846905537,0.46418739506456097,0.6054950853687087,0.8294438431249708,1.2066885361874577,1.7084758760867915
8,0.144,0.856,0.9815132373829208,0.28516535184416825,211,0.2612137203166227,0.010632014176018901,0.0,424,0.2616220866847016,0.6107035954694826,0.0,0.0,1.092049870969563,0.0318960425280567,1.4722222222222223,0.4647850355171515,0.603351235809493,0.8223855269687428,1.197108416174462,1.694336014234213
9,0.1285,0.8715,0.9828678056668787,0.28658526442201404,212,0.29201101928374656,0.014602803738317757,0.0,412,0.2769031143511615,0.5926545765453743,0.0,0.0,1.103756415915217,0.029205607476635514,1.6031128404669261,0.46416057330471944,0.5986912092545016,0.8192745112733457,1.2054474668617994,1.706365259817345
10,0.1135,0.8865,0.9775766850852395,0.2835154339228356,212,0.2582781456953642,0.008032128514056224,0.0,422,0.2928208485604527,0.575138986745541,0.0,0.0,1.1155888132488836,0.01778542742398164,1.8590308370044053,0.4654041703949165,0.599162520686958,0.8189054171228266,1.204268393611057,1.6860107472111419
11,0.141,0.859,0.982501496922278,0.2843020454557749,212,0.24074074074074073,0.008460236886632826,0.0,423,0.3090363953869211,0.5581410608568248,0.0,0.0,1.1274192194858523,0.015792442188381276,1.5,0.46259953790807734,0.596855528339818,0.828172067099337,1.2207112605930068,1.7069442577385656
12,0.1495,0.8505,0.9831424882040185,0.283758517253125,213,0.27639751552795033,0.00989522700814901,0.0,410,0.32555844793149474,0.5416454995985317,0.0,0.0,1.1375457324254448,0.01338766006984866,1.37123745819398,0.4629824021379472,0.5972628939009557,0.8281291436548721,1.2137219370087466,1.7038929638699551
13,0.142,0.858,0.9781406313661133,0.2835382600422376,214,0.27514792899408286,0.011757789535567314,0.0,387,0.34276050975372363,0.5256374558520455,0.0,0.0,1.143366981573978,0.011169900058788948,1.3626760563380282,0.4578148547667775,0.5956908262869776,0.826154040231021,1.1996626677587394,1.6997621647047767
14,0.136,0.864,0.9734253512555407,0.28522332290826313,215,0.2367601246105919,0.013403263403263404,0.0,376,0.3603864697276616,0.5101025212974187,0.0008527131782945736,7.469783599122281e-05,1.151086959955978,0.008158508158508158,1.3823529411764706,0.4557005945070661,0.5926588024291064,0.8202484740951599,1.1965603997959553,1.702598577917257
15,0.1195,0.8805,0.9724379377880549,0.28349878078919416,216,0.2698412698412698,0.013888888888888888,0.0,368,0.3784490381432583,0.49502671344491267,0.0017687559354226017,0.0006968109032512357,1.1583212070603717,0.01099537037037037,1.5397489539748954,0.45673797530983334,0.5944914396781078,0.8231732123736558,1.1977012581712592,1.7022211043726805
16,0.1125,0.8875,0.9722152640990823,0.28272435484473274,217,0.2268041237113402,0.01192504258943782,0.0,372,0.39689541995762373,0.48039646304981276,0.01146261468842114,0.00081483900788352,1.1685186434248471,0.017603634298693924,1.6533333333333333,0.45753397747082314,0.5965405407398221,0.8198838376793072,1.2000214567405063,1.6995150071217675
17,0.1125,0.8875,0.9703945966817192,0.2810706561880728,220,0.2642857142857143,0.012394366197183098,0.0,350,0.415768967157973,0.4661986018991917,0.014295035206869061,0.002204090695250254,1.1801240374266415,0.018591549295774647,1.5555555555555556,0.45990948532088544,0.5974566458200881,0.819231328260878,1.1962588872943727,1.697622798472127
18,0.108,0.892,0.9688888392217219,0.2822735628174354,220,0.23214285714285715,0.009014084507042254,0.0,375,0.4350979600614284,0.4524203509596297,0.019755166002201577,0.00577487454146781,1.191056766295629,0.021971830985915493,1.7361111111111112,0.45846766329715977,0.595439766636964,0.8168643713561735,1.1887358723548682,1.695993754909762
19,0.0945,0.9055,0.9730612448423512,0.28348557668321733,220,0.27906976744186046,0.010650224215246636,0.0,364,0.4546521260336024,0.4390493088752212,0.05006130463085895,0.01026141850331067,1.2055702894485716,0.01289237668161435,1.9259259259259258,0.45799270730823166,0.5980329108094733,0.8175884881104496,1.205953652492293,1.7063791018005148
20,0.102,0.898,0.9747626503514912,0.2838025891584877,220,0.22448979591836735,0.012147984538928768,0.0,348,0.4744933950778831,0.4260734408055178,0.07515294898048608,0.01822365180510636,1.2206681311467462,0.018774157923799006,1.7058823529411764,0.4577422165755874,0.5983980174302895,0.8190290673878173,1.210508817260821,1.7091407895126618
21,0.11,0.89,0.9749978994101616,0.282854954931895,221,0.19011406844106463,0.01002227171492205,0.0,393,0.4940632493419912,0.41348106759335945,0.1601420729847791,0.028132604634174697,1.2366322366665525,0.022828507795100223,1.7863636363636364,0.4598587407137485,0.594123063159591,0.8218854319073168,1.207489934050415,1.6988196321571352
22,0.1035,0.8965,0.978214503938726,0.28346338466301185,221,0.2733812949640288,0.010674157303370787,0.0,387,0.5137680491368477,0.4012608552528445,0.27427189192550167,0.0482087093647552,1.258375120932904,0.021910112359550562,1.8695652173913044,0.46105566857248115,0.5996214362812111,0.8205990884020709,1.2139936880648368,1.7101736682716395
23,0.10175438596491228,0.896,0.9724869877860101,0.2830229869150392,221,0.21673003802281368,0.012827663134411601,0.0025,419,0.5331200256699077,0.38940180476797737,0.48490527050604465,0.06077519829139666,1.2863681322428457,0.018404907975460124,2.064039408866995,0.4592324121417603,0.5943179597217431,0.8138793933742952,1.2011618315934802,1.7027129576959503
24,0.10025062656641603,0.8975,0.9666869512966849,0.28191398878255786,223,0.2518796992481203,0.013950892857142858,0.0025,512,0.5524395508359519,0.3778932421928118,0.6078369027702747,0.0883610978113875,1.329739267160303,0.021205357142857144,2.56,0.4592268514207264,0.5915424922018518,0.8131402921202825,1.193318712258809,1.6809627218461893
25,0.09979939819458375,0.8975,0.9631284959736057,0.2819045801800347,224,0.26199261992619927,0.015041782729805013,0.003,625,0.5718234519801694,0.3667248090441788,0.623464949374732,0.11408096773045147,1.3770322536127027,0.024512534818941504,3.14070351758794,0.4564171952910628,0.5891124044856539,0.8123807773374587,1.190314870407669,1.6806152037570425
26,0.09327983951855567,0.904,0.9602246125721519,0.2810207128730032,224,0.25,0.00947075208913649,0.003,612,0.5910472363105345,0.355886452978353,0.6364478969614735,0.13785346085405828,1.4195577273563542,0.017827298050139277,3.2903225806451615,0.45605108128231286,0.589644260579948,0.8131149997843916,1.1859196652916895,1.6658876747325817
27,0.09086345381526105,0.9055,0.9551093958495174,0.2819751243731458,225,0.2375,0.01327433628318584,0.004,592,0.6098772805854231,0.3453684187432638,0.632105036852819,0.15887032077838067,1.4585548680864993,0.016592920353982302,3.270718232044199,0.45068148311161343,0.5841241386911973,0.8059806190863958,1.1818162685698779,1.658593858832863
28,0.08547008547008547,0.9095,0.9494155108923573,0.282524271502753,228,0.2543103448275862,0.009939260077305357,0.0055,599,0.6286338537740213,0.3351612393981112,0.6161995835909055,0.17443590547911492,1.4934693995338355,0.018221976808393152,3.523529411764706,0.4469221600961892,0.5789177065520098,0.8001589632073131,1.1783517065840443,1.6501318157205203
29,0.07909319899244333,0.914,0.9439192897080658,0.28263656630576206,229,0.24880382775119617,0.010445299615173173,0.0075,589,0.646776172408786,0.32525572779247935,0.6305245873659018,0.19186468111776495,1.5280549390070413,0.010995052226498075,3.751592356687898,0.44437164618853414,0.5762192637148282,0.7952477008398269,1.1682849503369692,1.6409376510792535
30,0.07459677419354839,0.918,0.938554876676898,0.2818751915314164,230,0.263681592039801,0.009846827133479213,0.008,615,0.6646083261663629,0.31564296829728095,0.6232878844184011,0.2040299828106231,1.5643346652047028,0.014223194748358862,4.155405405405405,0.44333933581372464,0.5744804793141818,0.7917265083754106,1.1670275291401215,1.6114106980727874
31,0.07362581946545638,0.9185,0.9313434106213277,0.28160455342454255,230,0.26153846153846155,0.010348583877995643,0.0085,601,0.6821909806326553,0.3063143087800897,0.611539700805869,0.21595488217126116,1.594136408014286,0.015250544662309368,4.116438356164384,0.44121652647136816,0.5691666018832846,0.7893501618711117,1.156501897855426,1.5965280587141004
32,0.07265388496468214,0.919,0.9231915992449182,0.2814763659677738,230,0.22872340425531915,0.011431682090364725,0.009,596,0.6987664080260431,0.2972613528176366,0.6151601936598007,0.22449082149707228,1.6135136370127248,0.011431682090364725,4.138888888888889,0.433444005499083,0.5650063360214341,0.7825486952126186,1.1458670409416642,1.5819114886475003
33,0.07211296016137166,0.92,0.9129071299672704,0.28121770050279127,231,0.25263157894736843,0.016866158868335146,0.0085,575,0.7149581952120436,0.28847595213846267,0.6096074857779915,0.23399747301350354,1.6311209499349324,0.008161044613710556,4.020979020979021,0.427633026551024,0.5596560150087146,0.774921006507898,1.1354482312408227,1.5676937539124036
34,0.07060010085728693,0.9215,0.9042285461872888,0.28158925096628096,232,0.2553191489361702,0.01141304347826087,0.0085,558,0.7307262114783645,0.2799501992889243,0.6202387971468921,0.24540975123432654,1.6517825232906014,0.013043478260869565,3.9857142857142858,0.4234150641634445,0.5524172164714447,0.7641926117847896,1.1313515872729027,1.555727965626966
35,0.07424242424242425,0.9165,0.8980628808399188,0.2824159420118068,232,0.19786096256684493,0.013564839934888768,0.01,603,0.7458901709822786,0.2716764205159513,0.6348161425380947,0.2551752900460548,1.672148248672568,0.011937059142702116,4.1020408163265305,0.41822109565339005,0.5476533444633307,0.757424279146987,1.127109792210996,1.5430557079716807
36,0.07474747474747474,0.916,0.8968041780388943,0.28198592567095765,233,0.23711340206185566,0.009819967266775777,0.01,584,0.7603553328331508,0.2636471688601513,0.630224246139961,0.2647669538705438,1.6963928358359408,0.015821058374249863,3.945945945945946,0.4212304931418728,0.5469510659274354,0.7612096374114723,1.1281722132476022,1.5420588682200862
37,0.07171717171717172,0.919,0.8909627209665425,0.28321333282181144,233,0.22826086956521738,0.012008733624454149,0.01,571,0.7742561119075638,0.2558552174530432,0.6408177900506756,0.2800336550760124,1.7228571812561615,0.007641921397379912,4.02112676056338,0.4167003448097842,0.5398102945139818,0.7533316440984952,1.1239422807722155,1.542835055501785
38,0.06774519716885744,0.922,0.8859810492874411,0.2847866273593519,235,0.2568306010928962,0.009793253536452665,0.011,554,0.7875822705718418,0.24829355301238804,0.6321867891365363,0.29042734891833943,1.7412460130008813,0.012513601741022852,4.134328358208955,0.41519577009676983,0.5360757767361732,0.7448181735426309,1.1140862158011335,1.544336576929235
39,0.0728744939271255,0.916,0.8789885315267606,0.2859549713481145,236,0.23157894736842105,0.013015184381778741,0.012,551,0.8001645284078382,0.2409553695297617,0.6355745801981346,0.2977335039547615,1.7474961327689322,0.01735357917570499,3.826388888888889,0.41092799406365454,0.5326042810201962,0.736308368895205,1.0996970897795537,1.5375787301138233
40,0.07548125633232017,0.9125,0.8729805773201655,0.28642556487848964,238,0.22959183673469388,0.008187772925764192,0.013,546,0.8121960355912917,0.23383406214468755,0.626346236066694,0.30106052496915664,1.757025687598765,0.02019650655021834,3.664429530201342,0.4075409543592246,0.5298672143190909,0.7283137240168692,1.094433951059508,1.5212994909186195
41,0.08050632911392405,0.908,0.8640744200690031,0.2865773986793653,238,0.20202020202020202,0.0136986301369863,0.0125,550,0.8234681142513962,0.22692322119981634,0.6369008411448174,0.30840837627482104,1.7713921952274359,0.01315068493150685,3.459119496855346,0.40292475468092337,0.5251506041674854,0.7187912502774894,1.0818926525569115,1.5111385080560336
42,0.09210526315789473,0.897,0.8494556752688242,0.2866099119900799,238,0.18834080717488788,0.011013215859030838,0.012,545,0.8339040909154546,0.22021662647180187,0.6370055108956093,0.3108782947249246,1.7804643178125419,0.024229074889867842,2.9945054945054945,0.39825153063099916,0.516534318172201,0.7055532750372049,1.0583752955055221,1.4875217251788606
43,0.09974683544303797,0.889,0.8411286078013226,0.2884233000235156,239,0.17154811715481172,0.01282051282051282,0.0125,523,0.843699931196548,0.2137082415726803,0.6406757790672292,0.3154369223145942,1.7854672811004073,0.0189520624303233,2.6548223350253806,0.3941187730468911,0.5120224370721704,0.6949086277448291,1.0473395085685968,1.4832052307434131
44,0.15022761760242792,0.84,0.8464562398411656,0.2882470932168953,239,0.13994169096209913,0.01799775028121485,0.0115,504,0.8530248738581089,0.20739220851671325,0.6103851648430747,0.30164264882199376,1.7882112756397768,0.06411698537682789,1.696969696969697,0.3927322458738471,0.5144398195131468,0.7029886950128525,1.0477316721740781,1.4976514307971875
45,0.17653009610520992,0.814,0.8428842988440806,0.2896650219797295,240,0.10741687979539642,0.011904761904761904,0.0115,490,0.8617139123777715,0.20126284244780523,0.6101451943031159,0.29416555607183725,1.7942567200685713,0.04404761904761905,1.4040114613180517,0.39265354439303124,0.5143343588799434,0.6979741854159636,1.0368097154625084,1.50501515047385
46,0.17560728744939272,0.8145,0.834655355969383,0.29112284124135485,240,0.1189873417721519,0.011056511056511056,0.012,462,0.869983621379108,0.1953146265227497,0.6341308343684438,0.29759492604466536,1.795604522027196,0.0171990171990172,1.3314121037463977,0.3904581954962168,0.501643008314217,0.6901881683368015,1.0243865832638401,1.49451447098436
47,0.17164556962025315,0.818,0.8294539797785262,0.2911736744076659,240,0.10290237467018469,0.006138735420503376,0.0125,433,0.877824000527649,0.18954220694569743,0.6507790185243842,0.30230344641217627,1.795684521235018,0.013505217925107428,1.2772861356932153,0.3881786260094542,0.5007598424267379,0.6856228939447064,1.0174462607277406,1.4835229434394865
48,0.1715587044534413,0.8185,0.8209581393225754,0.2899263303090415,241,0.11052631578947368,0.013447432762836185,0.012,411,0.8852051200331879,0.18394038814937907,0.6579421041439271,0.303741665389299,1.795684521235018,0.011613691931540342,1.2123893805309736,0.38891779625809175,0.4958620441770829,0.6805202928353723,1.0028066192823166,1.463293400645903
49,0.16396761133603238,0.826,0.8145862141717745,0.28873426826753695,242,0.16279069767441862,0.014660965180207697,0.012,371,0.8920571633710289,0.17850412811874386,0.6597942216693518,0.30446475370783005,1.795684521235018,0.014660965180207697,1.1450617283950617,0.3881372414355431,0.49576764455837785,0.6773695984328155,0.9910812400994531,1.4548823731294183
50,0.13707637835103692,0.853,0.8018499255182178,0.2887866916209691,244,0.25824175824175827,0.011501210653753027,0.0115,297,0.898512897550455,0.17322853385280568,0.6484716083355457,0.30273747654577743,1.795684521235018,0.012711864406779662,1.0959409594095941,0.38763577053631315,0.48828028284264535,0.6647942306193781,0.9769329334457643,1.4101042997125015
51,0.12386248736097068,0.8665,0.7852670140867092,0.28916216343255197,244,0.2628398791540785,0.00996483001172333,0.011,230,0.904510058330923,0.16810885696061179,0.6443407080035919,0.29568906107989196,1.7950639048149508,0.025205158264947247,0.9387755102040817,0.38651363537005967,0.47366039165772794,0.647757647237541,0.9594613556013619,1.3837090389418067
52,0.11526794742163801,0.875,0.7746824011882275,0.2884416673925787,244,0.21649484536082475,0.009232544720138488,0.011,183,0.9100967306647579,0.1631404893873708,0.6482058799706929,0.29436305053615097,1.795684521235018,0.017311021350259664,0.8026315789473685,0.3840623377774508,0.4697735307010721,0.637077143484684,0.9400950189544098,1.366431827401216
53,0.11071789686552073,0.8795,0.7674678608472493,0.28816380664058927,246,0.17045454545454544,0.011428571428571429,0.011,155,0.915310440288987,0.15831895926689177,0.6419707833612135,0.2966487097195676,1.795684521235018,0.009142857142857144,0.7077625570776256,0.3809680623985152,0.46479017652769195,0.6322298223308421,0.934216081901345,1.3381095908917968
54,0.121840242669363,0.8685,0.7518815467972687,0.28686175785725293,247,0.16896551724137931,0.013075611142694713,0.011,135,0.9202402151909514,0.15363992689660333,0.6390004732474305,0.29829854790748406,1.7949942779942887,0.027288231949971573,0.5601659751037344,0.3766928373122616,0.4582996007310954,0.6215423616918366,0.9021228376830157,1.2920093512420237
55,0.11678463094034378,0.8735,0.7426110067326785,0.28614102543676545,248,0.16906474820143885,0.012089810017271158,0.011,111,0.9248072693112697,0.14909918083152798,0.6363074721938937,0.2999594266794292,1.795684521235018,0.009211283822682787,0.4805194805194805,0.3740475638915724,0.4543221156056956,0.6137684276602057,0.8880495381475235,1.268699576972901
56,0.11773623041940375,0.873,0.7355851670070173,0.2859990194961256,251,0.12781954887218044,0.008013737836290785,0.0105,93,0.9290112511476203,0.14469263409369768,0.6325256878640673,0.30125876027313964,1.7948900063527193,0.012020606754436176,0.39914163090128757,0.3716173667746594,0.4498078348039761,0.6091484293485692,0.87649518802938,1.259369436627796
57,0.11419909044972208,0.8765,0.7285022579383472,0.2847119712594168,251,0.15985130111524162,0.013745704467353952,0.0105,87,0.9329108109425445,0.1404163204935975,0.6389951491585878,0.3006652245197471,1.7949170598841573,0.006872852233676976,0.38495575221238937,0.3684839460427711,0.44732734131139984,0.6054375715664149,0.8692414170176329,1.240394604497323
58,0.11464646464646465,0.8765,0.7221591339212576,0.2845701837072841,254,0.13740458015267176,0.011979463776383342,0.01,71,0.936498821833222,0.13626639106032754,0.6314268664745515,0.3009436973403554,1.795684521235018,0.008556759840273816,0.31277533039647576,0.3662538315164596,0.44188969077251805,0.5992071332358174,0.8577041317269184,1.2172412248471152
59,0.12512613521695257,0.867,0.7160469309082087,0.2841583645704274,254,0.12142857142857143,0.011409013120365089,0.009,65,0.9397994219857271,0.13223911057726925,0.6368959119910403,0.30151275913640635,1.795684521235018,0.018824871648602397,0.2620967741935484,0.3621157767520561,0.4363836978722104,0.5940753838967504,0.8483953245409096,1.2200911907027436
60,0.12670368500757193,0.865,0.7091175579003051,0.28403112172299055,254,0.11888111888111888,0.012687427912341407,0.0095,50,0.9428466460934002,0.12833085422013824,0.6389684719882924,0.30359256582276467,1.795684521235018,0.00922722029988466,0.199203187250996,0.3587385498703584,0.43227508195743997,0.5881731911848296,0.838435396785759,1.1908646980107498
61,0.1226653205451792,0.869,0.7048914865967952,0.28421255580553245,255,0.13214285714285715,0.009248554913294798,0.0095,29,0.9456576420867834,0.12453810429439788,0.6380252520861214,0.3026968178969078,1.795684521235018,0.007514450867052023,0.11934156378600823,0.35691091220834,0.42919836208672146,0.5848920391688256,0.8285959394845726,1.2073851443921215
62,0.12417970721857648,0.8675,0.6988967219712876,0.283128745811451,256,0.11827956989247312,0.01380897583429229,0.0095,22,0.9482749609910301,0.1208574470690967,0.6350434139654684,0.30336726991991775,1.795684521235018,0.006904487917146145,0.08943089430894309,0.35504909056713596,0.42699961877137377,0.5808615125028079,0.8195086247954603,1.1795968063051947
63,0.127208480565371,0.8645,0.6934001527867052,0.2828938663708599,256,0.06319702602230483,0.012680115273775217,0.0095,31,0.9506972362458046,0.11728556970428013,0.639551125726069,0.305454975076243,1.795684521235018,0.0005763688760806917,0.12301587301587301,0.35296953321372865,0.42435011580183496,0.5750080920751481,0.8145032252978349,1.1729327205351328
64,0.1328954017180394,0.858,0.6878627266490204,0.2823555540226672,257,0.09556313993174062,0.0167727009832273,0.0105,32,0.952951282952354,0.11381925726921088,0.6349405486101523,0.3035628949815355,1.795684521235018,0.006940427993059572,0.12167300380228137,0.35146406382178075,0.4202994058410501,0.5703838450747062,0.8090319112219642,1.162572705879913
65,0.1319514661274014,0.8585,0.6841246569324113,0.2827253407909317,257,0.08391608391608392,0.011072261072261072,0.011,30,0.9550313969924838,0.11045538984871427,0.6411389837669095,0.30486140911043413,1.795684521235018,0.002331002331002331,0.11494252873563218,0.34950821484470856,0.4191915826509126,0.5678776206372503,0.8046746065395849,1.1537189740249225
66,0.12992922143579372,0.8605,0.6806659698135602,0.28282041755414017,259,0.09187279151943463,0.011648223645894,0.011,23,0.9569880580134555,0.107190939735044,0.6379594872274746,0.3074748499846698,1.795684521235018,0.0011648223645894002,0.08949416342412451,0.3482954446763239,0.4180915693271066,0.5649369777486271,0.80018471257127,1.1573931626353429
67,0.1385237613751264,0.852,0.6777085941486425,0.28260386194407455,259,0.10163934426229508,0.015107495642068565,0.011,27,0.958767555550547,0.10402296870274073,0.6413185399454541,0.30894206588257594,1.7942865117844693,0.012783265543288786,0.09854014598540146,0.34845292287683427,0.41704046710476067,0.5635970378464982,0.7947487269154176,1.155714610610125
68,0.1426403641881639,0.8475,0.6746619111932478,0.2826436795220773,261,0.06291390728476821,0.014084507042253521,0.0115,33,0.9604049148471826,0.10094862536403103,0.6382766770041434,0.3087958219967761,1.795433700354198,0.002347417840375587,0.11702127659574468,0.34671677588281213,0.4160040740525288,0.5624256244461356,0.7910084820317098,1.155392352208117
69,0.14126582278481012,0.848,0.6684717113799241,0.2812090945866468,262,0.08766233766233766,0.011799410029498525,0.0125,32,0.9619457875392676,0.09796514260238554,0.6368886785717662,0.30997581443116634,1.78920399884693,0.0035398230088495575,0.11469534050179211,0.34491956960953307,0.41317325489676504,0.5557827843726472,0.7836711992859181,1.1374788772263946
70,0.13938165230613278,0.849,0.6652250313057773,0.28134651701545654,263,0.10064935064935066,0.01179245283018868,0.0135,32,0.9633706889637969,0.09506983508192773,0.6367849472440672,0.31015653943511623,1.7938490742570727,0.005306603773584905,0.11636363636363636,0.3455642519792182,0.41098662725812624,0.5513059511996701,0.7758810202300666,1.1395316061062848
71,0.13516260162601626,0.851,0.6635947279005807,0.2822360762594492,264,0.09364548494983277,0.007067137809187279,0.016,23,0.9646744822628663,0.09226009683045001,0.6391191098846206,0.31062907633768577,1.7952985586004315,0.007067137809187279,0.08646616541353383,0.34306553444949,0.4088098043108779,0.5511402142668357,0.7723000278176703,1.1356495097134134
72,0.13513513513513514,0.848,0.6599176864156066,0.2819721533432804,264,0.08417508417508418,0.012925969447708578,0.0195,24,0.965867758372684,0.08953339889386311,0.641162259620514,0.3107292976952776,1.795684521235018,0.005287896592244419,0.09056603773584905,0.34038846383386445,0.4076873301491922,0.5503326039394092,0.7680815633333489,1.1336552501747272
73,0.13796627491057742,0.8435,0.6568130401762393,0.28180499763606287,264,0.0711864406779661,0.012382075471698114,0.0215,24,0.9669715308219541,0.08688728705996641,0.6473382544767383,0.3125960384527684,1.795684521235018,0.005306603773584905,0.08888888888888889,0.3388005220481096,0.4052338041966026,0.5485143369222396,0.762075157192831,1.1300009916411418
74,0.13449691991786447,0.843,0.6521576845502988,0.28218418897052583,264,0.07508532423208192,0.011262596324836989,0.026,21,0.9680004289079199,0.08431937964949147,0.6513084603219088,0.31298885588848196,1.795684521235018,0.0023710729104919974,0.08015267175572519,0.3356954713612581,0.4021212173224147,0.5434785471603651,0.7558252794080447,1.1268690530937797
75,0.13853258081067213,0.8395,0.6480510424619728,0.2814390409071746,264,0.04609929078014184,0.008896797153024912,0.0255,23,0.9689485072567914,0.08182736537242999,0.6496390845065876,0.3121353169823937,1.795684521235018,0.0029655990510083037,0.08518518518518518,0.3342585960561265,0.39900135046036084,0.5388144121199939,0.7529483461772606,1.1197336046297726
76,0.13874614594039056,0.838,0.6470609498566758,0.28257977511994065,264,0.07457627118644068,0.012507444907683145,0.027,21,0.9698292428958598,0.07940900124771653,0.6494406773637126,0.3114996385264474,1.795684521235018,0.0023823704586063135,0.07777777777777778,0.33221398052661966,0.3976453057422076,0.537520189411633,0.7543999614746594,1.123021812792015
77,0.1294851794071763,0.837,0.6422754972683891,0.2817070338491855,266,0.07482993197278912,0.013723150357995227,0.0385,22,0.970633142969425,0.07706211058439444,0.6442370214836919,0.3126981169067969,1.795684521235018,0.0005966587112171838,0.08835341365461848,0.3303739563261632,0.39704774006016386,0.5352873615156845,0.7502302783116376,1.1123296632622617
78,0.12852664576802508,0.834,0.6396942747283519,0.2815799730765967,266,0.07608695652173914,0.013142174432497013,0.043,33,0.9713724145892464,0.07478458102244677,0.6462691408490956,0.3128725392962715,1.795684521235018,0.002986857825567503,0.13414634146341464,0.32914402650193814,0.39488212370646564,0.5329554318571497,0.7474383403338702,1.1083045620580805
79,0.12368972746331237,0.836,0.636728263176478,0.28156193857048045,267,0.1070110701107011,0.013788968824940047,0.046,27,0.9720456445998955,0.07257436263153001,0.6432874494356082,0.31296281611857135,1.795684521235018,0.001199040767386091,0.11440677966101695,0.3271626727462135,0.3935573411022975,0.5315389335397994,0.7417443883002727,1.1043941304789358
80,0.1156677181913775,0.841,0.6334746340494578,0.2816100079632833,269,0.1171875,0.010167464114832535,0.049,16,0.9726699433507161,0.07042946606589807,0.6411514106360399,0.31354155626270563,1.795684521235018,0.0017942583732057417,0.07272727272727272,0.3272484486870369,0.3929473048709298,0.5286230341427851,0.7393758446240001,1.098911338973365
81,0.11959957850368809,0.8355,0.6294806594527779,0.28179803667779174,269,0.06097560975609756,0.011296076099881093,0.051,27,0.973247327507137,0.06834796077385699,0.6448427883523116,0.31340962462209254,1.795162010707903,0.004161712247324614,0.11894273127753303,0.32496619385799225,0.3919627887932029,0.5261271179370866,0.7357649114231157,1.0933499347734152
82,0.11917372881355932,0.8315,0.6261089375013427,0.2820007876335008,271,0.06,0.011968880909634948,0.056,32,0.9737833995870606,0.06632797326013816,0.6450557852354675,0.3140004713336539,1.795684521235018,0.0017953321364452424,0.14222222222222222,0.32342718121139624,0.38933703281686594,0.52346957558155,0.7269746955420013,1.087841432138996
83,0.11618037135278515,0.833,0.6221252473239233,0.28180548675262446,274,0.09016393442622951,0.010222489476849068,0.0575,35,0.9742761457965889,0.06436768539962595,0.6428258142033741,0.31456993183702575,1.7936866810945469,0.0012026458208057728,0.1598173515981735,0.32189443498279713,0.3879469817988527,0.5191755523641864,0.7234689842514073,1.0841539896991599
84,0.11317747077577045,0.8345,0.6194209059293939,0.2812046782394967,274,0.1111111111111111,0.009603841536614645,0.059,37,0.9747309207035477,0.062465332800922535,0.6476899361836869,0.314799574688056,1.7914980650432963,0.004801920768307323,0.17370892018779344,0.3219065912764536,0.38683795319709885,0.5156739938498265,0.7214093421730041,1.0844066800831893
85,0.11448349307774228,0.8315,0.6161014267087322,0.28107945318087096,274,0.13095238095238096,0.01378070701018574,0.061,30,0.9751476397905515,0.060619203218276387,0.649546689612253,0.3146687242128952,1.7927433601845102,0.009586578789694428,0.13953488372093023,0.3210491269358021,0.3864293994426508,0.5127934034340709,0.7179663592585235,1.0843174323003282
86,0.11720831113478956,0.8285,0.6125700670949495,0.281084260665832,275,0.08677685950413223,0.012026458208057728,0.0615,29,0.9755326359421472,0.05882763501044568,0.649061838583022,0.3139931450189741,1.7933885314096036,0.004209260372820205,0.1318181818181818,0.31898386803085343,0.3844272719341221,0.5104729600875028,0.7128255892794283,1.0811310579640743
87,0.11330839123463389,0.8295,0.61140276068704,0.2817057562526938,275,0.11740890688259109,0.01388050694025347,0.0645,29,0.9758866452587068,0.05708901564510887,0.6504300738894851,0.3134946024601098,1.795684521235018,0.0024140012070006035,0.13679245283018868,0.31759772737388603,0.38310736629500275,0.5086010093198974,0.7101674554730344,1.0800417725416975
88,0.11117049706039552,0.8315,0.6089618593889629,0.28075132383081153,275,0.09956709956709957,0.010247136829415311,0.0645,23,0.976216008700081,0.0554017802474768,0.6500690549485721,0.3129944514402252,1.795684521235018,0.0012055455093429777,0.11057692307692307,0.31696519378761223,0.3819125452419573,0.5075617457326823,0.7081946338257408,1.0770451380630508
89,0.11170497060395511,0.831,0.6051920169798883,0.2809486092389668,276,0.10300429184549356,0.011425135297654841,0.0645,18,0.9765186587650119,0.05376441019179983,0.6482956210809301,0.3121826056019971,1.795684521235018,0.0036079374624173183,0.0861244019138756,0.3146633135273653,0.3819501703150342,0.5044853094820898,0.7042516530337977,1.0722686472750658
90,0.10704679935449166,0.83,0.6037405190738315,0.2815776041763502,276,0.07048458149779736,0.01022864019253911,0.0705,22,0.9767975631017344,0.05217543173450202,0.6504963892183048,0.31234083514144684,1.795684521235018,0.0006016847172081829,0.11055276381909548,0.31251877146810436,0.38110571728921766,0.5022831707010298,0.7046936140583936,1.0719242917020362
91,0.11027434104357181,0.827,0.6016573221974404,0.2822017628658594,278,0.05092592592592592,0.010240963855421687,0.0705,27,0.9770535167271648,0.05063341468771259,0.6460089420310927,0.31321785569764843,1.795684521235018,0.0,0.13170731707317074,0.3106025959012926,0.37921830575482196,0.5008586324271739,0.6998941007692835,1.0694620435631574
92,0.10877759827679052,0.8275,0.5976970681678444,0.27983816744419987,279,0.13559322033898305,0.015114873035066506,0.0715,29,0.9772915529645426,0.04913697113200011,0.6458327675877942,0.31121344325089284,1.7954075659449913,0.0036275695284159614,0.14356435643564355,0.30946894238848716,0.3783207332438345,0.4977188530490766,0.6979261881392196,1.0513557555650241
93,0.10835579514824797,0.827,0.5915437365610117,0.27630141318735274,279,0.10964912280701754,0.013897280966767372,0.0725,29,0.9775102051402713,0.0476847541671515,0.6481519475415286,0.31191023359221054,1.795684521235018,0.0018126888217522659,0.14427860696517414,0.3095354426205118,0.3779314245618889,0.4939725131733394,0.6939917231558467,1.0367084910404376
94,0.10841423948220065,0.8265,0.5894106749988893,0.27662363056664674,279,0.09009009009009009,0.009673518742442563,0.073,25,0.9777128330874181,0.046275456699870765,0.6513518157326186,0.31150693735478824,1.795684521235018,0.003022974607013301,0.12437810945273632,0.3074116111730291,0.3765632842247181,0.4902247316712507,0.6914597525567469,1.0348168215619955
95,0.10691144708423327,0.827,0.5870036144845393,0.27577940132306145,280,0.1031390134529148,0.012704174228675136,0.074,23,0.9778950057965003,0.04490781026730698,0.6495234339480163,0.3110561055047567,1.795684521235018,0.0006049606775559589,0.11616161616161616,0.3082539718963559,0.37606334090270777,0.48914259089937556,0.6875750980405915,1.0327803618251359
96,0.10281385281385282,0.829,0.587283455421123,0.27658383140267834,281,0.09767441860465116,0.010278113663845224,0.076,21,0.9780609587231314,0.04358058389535191,0.6465760137597648,0.31120518683544063,1.795684521235018,0.0,0.11052631578947368,0.30798656464854784,0.3756877898060102,0.4919504524934246,0.6910476818557585,1.0343165966439083
97,0.10918918918918918,0.824,0.5859306725024046,0.27689063189271146,284,0.09502262443438914,0.015681544028950542,0.075,30,0.978214667148252,0.0422925829906803,0.6448010520203761,0.3116831222651404,1.795684521235018,0.0030156815440289505,0.1485148514851485,0.3067062400386215,0.37510613792603587,0.48990172067194093,0.6902971143753381,1.0341060310309897
98,0.10221741481882099,0.83,0.5840540597085984,0.27640949413442334,286,0.15555555555555556,0.011529126213592233,0.0755,27,0.9783568950294588,0.04104264826553531,0.6476109528685737,0.3122168875969418,1.795684521235018,0.0024271844660194173,0.14285714285714285,0.3073009968251593,0.3756224189356551,0.4892812073400976,0.6875867646347362,1.031634090268244
99,0.1052347544522396,0.829,0.5840764534473617,0.2764397676521575,286,0.11162790697674418,0.012048192771084338,0.0735,35,0.9784875944010277,0.03982965469429116,0.6477563973903915,0.3119004116336205,1.795684521235018,0.0036144578313253013,0.1794871794871795,0.30570927584089896,0.37506682042267636,0.49034851064894736,0.6859507771354518,1.0326865332182276
100,0.10367170626349892,0.83,0.5820988465412856,0.2765564075318162,287,0.10648148148148148,0.010253317249698432,0.074,29,0.9786080147257216,0.038652510500854234,0.6508423145834572,0.3140170610869418,1.795684521235018,0.0024125452352231603,0.15104166666666666,0.305658350074902,0.3742443816393669,0.48800420660358484,0.6829917035824401,1.0269517633223868
101,0.10286951813752031,0.8285,0.5806937963400238,0.27695206255451316,289,0.07582938388625593,0.006626506024096385,0.0765,28,0.978719304663789,0.037510156175990794,0.6499682531148634,0.31395028074697723,1.795684521235018,0.004819277108433735,0.14736842105263157,0.30439382331521175,0.373136018407632,0.48812654396605376,0.6825816424465532,1.0233237516764575
102,0.10037981551817689,0.829,0.5780806204635598,0.2764901026602403,290,0.11682242990654206,0.010259505129752565,0.0785,30,0.9788227196052561,0.03640156352369726,0.6493123422204786,0.3141086054462664,1.7951277329355642,0.004224502112251056,0.16216216216216217,0.3044423468532272,0.3722392764338137,0.48544211168491747,0.679636386997064,1.0161959110098728
103,0.09526401741970604,0.831,0.5777954875587807,0.2777086026525701,291,0.12980769230769232,0.010253317249698432,0.0815,25,0.9789164881989547,0.03532573473575429,0.6485487611641263,0.31339734875961395,1.795684521235018,0.0036188178528347406,0.14285714285714285,0.30283823908510005,0.37141525723109325,0.48432965114472887,0.679221002893803,1.0244959469287587
104,0.0916030534351145,0.833,0.5757552188368971,0.277495567450135,293,0.1319796954314721,0.011432009626955475,0.083,26,0.9790034995251886,0.034281701493632154,0.6473366914912124,0.3130530461553804,1.795684521235018,0.0018050541516245488,0.15476190476190477,0.3015180270335007,0.3706672002405326,0.48425274953576525,0.6772169047917992,1.0161188227936335
105,0.0906113537117904,0.833,0.5739168705236672,0.27733541174374765,293,0.0967741935483871,0.007202881152460984,0.084,28,0.9790821081152641,0.03326852409693855,0.651906578097262,0.3135169793099669,1.7946209049140658,0.003601440576230492,0.1686746987951807,0.3003974941408149,0.37075639258750137,0.48288646006029323,0.673675390061448,1.0145848470248067
106,0.09334061135371179,0.8305,0.5739630300363383,0.2779251458617657,294,0.08064516129032258,0.010804321728691477,0.084,31,0.9791544772463542,0.03228529061762492,0.6487160828826893,0.31286664104698286,1.7947847895884703,0.0012004801920768306,0.18128654970760233,0.2994476797531842,0.36981942093786835,0.4821872123268817,0.6728477115579988,1.0179448634184503
107,0.08907103825136611,0.8335,0.5718100208732777,0.27760009595890117,294,0.12698412698412698,0.007826610475617099,0.085,27,0.9792210191390932,0.03133111607918967,0.6511578970716393,0.31336379892966604,1.795684521235018,0.0030102347983142685,0.1656441717791411,0.29763337263786166,0.3681781473823993,0.4813017643920921,0.6700491511531842,1.0106886978348086
108,0.0906608410704533,0.8325,0.5704644964212628,0.2781565262294772,294,0.09836065573770492,0.009598080383923215,0.0845,25,0.9792820781163903,0.030405141660139454,0.6526677592643693,0.31319981659796226,1.795684521235018,0.0023995200959808036,0.15060240963855423,0.2967506696597158,0.3678829754183273,0.4782957623389876,0.6674468547311725,1.0095277284273103
109,0.0886214442013129,0.833,0.5692945680763808,0.2782597837629111,295,0.140625,0.013813813813813814,0.086,21,0.9793387646891523,0.029506533920992013,0.6515818891695516,0.3143919711615687,1.795684521235018,0.0018018018018018018,0.12962962962962962,0.2952258604455196,0.36735965197976994,0.4766420910293121,0.6671011704347576,1.0097550965893558
110,0.0886214442013129,0.833,0.5663162319340905,0.2779317811056413,299,0.11475409836065574,0.012004801920768308,0.086,24,0.979391633795962,0.028634484054124238,0.6434226510898864,0.31406295818580326,1.795684521235018,0.0006002400960384153,0.14814814814814814,0.29437731163694547,0.3662815722121109,0.47412238057848916,0.6656446192609309,0.999990611860744
111,0.10301369863013699,0.8185,0.5630743986136254,0.2780895715765068,300,0.11574074074074074,0.013205282112845138,0.0875,36,0.9794402379701068,0.02778820715579085,0.644711790173542,0.31501133752925553,1.7906079538040949,0.01920768307322929,0.19148936170212766,0.29306386047668825,0.3648924504662784,0.47195102703203357,0.6633271585960359,0.9932094103045921
112,0.10488742449203735,0.815,0.56203604380963,0.2772450535242145,300,0.13716814159292035,0.01832620647525962,0.0895,43,0.979484396193724,0.026966941519657936,0.6422705452185025,0.31456788758293613,1.7940496382644504,0.004886988393402566,0.225130890052356,0.2914086249744575,0.36505984324329016,0.4703578058879897,0.6625986530857566,0.9853101517698951
113,0.10586944596818432,0.815,0.559775538802923,0.27659683408836466,300,0.11162790697674418,0.012269938650306749,0.0885,41,0.9795253147454926,0.026169947951215855,0.6456420743207147,0.31516612781592157,1.795684521235018,0.00245398773006135,0.21243523316062177,0.29083151617356495,0.365367295677569,0.46661702334210375,0.6604203234710069,0.9820918442333139
114,0.10125889436234264,0.821,0.5595442382683204,0.2764655769899987,301,0.16203703703703703,0.012883435582822086,0.0865,27,0.9795631498254979,0.025396509102454362,0.6453446276324126,0.3151272096512393,1.795684521235018,0.001226993865030675,0.14594594594594595,0.290387845590068,0.36518078982684,0.4658887057037232,0.6579160982974849,0.9795905663145732
115,0.1016949152542373,0.8215,0.5592807706194712,0.2762125037593627,303,0.1024390243902439,0.010353227771010963,0.0855,27,0.9795979859902058,0.024645928826200862,0.644498505866374,0.3152368113723334,1.795684521235018,0.0018270401948842874,0.14516129032258066,0.2899098698390831,0.3647148010387077,0.4650210363047518,0.654699544992058,0.9801962811871121
116,0.11080786026200873,0.8145,0.5579232869253395,0.2781295475162525,303,0.09502262443438914,0.010346926354230066,0.084,30,0.9796300053872018,0.023917531549541057,0.6441738067644672,0.31663317519268885,1.7946346559034987,0.010955569080949483,0.1477832512315271,0.2883423829847122,0.3628357327486505,0.4623986106397404,0.6528620329281265,0.983198610488364
117,0.11366120218579236,0.811,0.5558839809884285,0.27712343775944465,304,0.06666666666666667,0.009208103130755065,0.085,31,0.9796591862359225,0.023210661665757644,0.646487301060061,0.3166686583637841,1.7956797103956201,0.004297114794352364,0.14903846153846154,0.2880298170758591,0.361968909801241,0.4607300680843369,0.652663761991711,0.9807901259815704
118,0.11262985237834883,0.8115,0.5565111571860465,0.2778822998955455,305,0.09606986899563319,0.011097410604192354,0.0855,29,0.9796866107776073,0.022524682944240086,0.6433336628082081,0.316265604745747,1.795684521235018,0.0018495684340320592,0.1407766990291262,0.28740320896990706,0.3620206097530426,0.4606986445987161,0.6542782633601705,0.9816732554220328
119,0.11250682687056253,0.8125,0.5556940710692325,0.27723262491956574,305,0.09734513274336283,0.010474430067775724,0.0845,28,0.97971172520657,0.021858977957834057,0.6482009964706679,0.3165175158619243,1.795684521235018,0.0018484288354898336,0.13592233009708737,0.28681501903366546,0.36197810490859433,0.46021180320989263,0.6547925968799521,0.9752563713231667
120,0.11098961180973209,0.813,0.5555326404219261,0.2770145929249354,306,0.07657657657657657,0.008,0.0855,24,0.979734940921981,0.021212947527115347,0.6482037077468645,0.3157859156108736,1.795684521235018,0.0018461538461538461,0.11822660098522167,0.2871979381691134,0.3613248105922744,0.46042283077159496,0.6542404537080262,0.9765316663269494
121,0.11620294599018004,0.81,0.5560850115804216,0.2781132992312575,308,0.09523809523809523,0.012915129151291513,0.0835,24,0.9797563842665121,0.020586010181087966,0.6475611454362803,0.31648934022432207,1.7912582722442556,0.004305043050430504,0.11267605633802817,0.28709497279322693,0.36097675094917603,0.4598811317282765,0.6565218440058644,0.9791730498831878
122,0.11498637602179837,0.812,0.5555219263494783,0.278065501522797,309,0.09130434782608696,0.008641975308641974,0.0825,30,0.9797758005258815,0.019977601633820924,0.6450015554876639,0.3164081794062112,1.7951280309359097,0.001851851851851852,0.14218009478672985,0.2875234462306612,0.3606071179556001,0.4593488824095803,0.6576103991054472,0.9791650430009906
123,0.11280653950953679,0.814,0.5556150765016885,0.2773680179213247,309,0.11538461538461539,0.01293103448275862,0.0825,24,0.9797934305580568,0.0193871742765529,0.6443344025281219,0.3155467913735799,1.795684521235018,0.0012315270935960591,0.11594202898550725,0.28863976073024317,0.36032593727571793,0.46077912753469075,0.6575552208176434,0.9775114726268795
124,0.11735807860262008,0.8085,0.5542735267210083,0.2762391881532795,311,0.09166666666666666,0.0171990171990172,0.084,30,0.9798097638823066,0.018814196684807286,0.641846121672458,0.31445574893646516,1.795684521235018,0.003071253071253071,0.13953488372093023,0.28894378942476856,0.3614424887687159,0.46028436378626314,0.655730505304852,0.9728140901436136
125,0.11383442265795207,0.8135,0.553469617295719,0.2758448662009715,314,0.10087719298245613,0.0074211502782931356,0.082,27,0.9798247910798984,0.018258153140074385,0.6403328489509847,0.31473590658279305,1.795684521235018,0.0006184291898577613,0.1291866028708134,0.28896396000694025,0.36067781809297395,0.45914019579491444,0.656190891606526,0.9661942689121509
126,0.10624315443592552,0.816,0.5520380402681597,0.2747733329310194,315,0.08928571428571429,0.006760909649661954,0.087,31,0.9798390048726474,0.017718543165629853,0.642290262488421,0.3146688849443699,1.795684521235018,0.002458512599877074,0.15979381443298968,0.2884292375304197,0.3592990249215085,0.45975420168673775,0.6550785024873238,0.9580588546338191
127,0.10416666666666667,0.817,0.5495418327922129,0.27451971104780615,319,0.102803738317757,0.00857843137254902,0.088,27,0.9798518301275732,0.01719488107607194,0.6383480990824563,0.31625461358878343,1.795684521235018,0.003676470588235294,0.14210526315789473,0.2877671224468088,0.35842558568303007,0.4579486207492951,0.6535694010616515,0.9509008136626886
128,0.10733844468784227,0.815,0.5508132062258101,0.27493426878376026,321,0.13392857142857142,0.014687882496940025,0.087,35,0.9798637196592624,0.01668669554017178,0.6396492074367433,0.3158159993225446,1.795684521235018,0.006119951040391677,0.17857142857142858,0.287780834083996,0.36079016636768413,0.4582944268744434,0.6546528472854165,0.9534815892966911
129,0.10049423393739704,0.819,0.5489772526686258,0.2738998911293818,322,0.12149532710280374,0.006748466257668712,0.0895,29,0.9798747317147048,0.016193529156643512,0.6440827215552265,0.3159428712101172,1.7947961681235194,0.004294478527607362,0.15846994535519127,0.2897120614273488,0.3607854057703959,0.45701828214100015,0.6506584682444565,0.9480349708034141
130,0.10618500273672687,0.8165,0.5497680514232542,0.27594955684679423,323,0.10047846889952153,0.009768009768009768,0.0865,29,0.9798847732991302,0.01571493804245224,0.6442104138873022,0.3161168591933215,1.7947054491840038,0.006105006105006105,0.14948453608247422,0.2878991074322818,0.35973408174239924,0.45499934661728286,0.652782770545107,0.9533218168591734
131,0.10964912280701754,0.812,0.5498094585758588,0.27622271657111724,325,0.09375,0.015309246785058175,0.088,38,0.9798942011040227,0.01525049143328931,0.6421060187964437,0.31473604940001204,1.795684521235018,0.003061849357011635,0.19,0.2864688778859669,0.3588258753073067,0.45641096235213474,0.6527799336433665,0.9515978642498636
132,0.10208562019758508,0.818,0.5495602272757208,0.27594257557329693,326,0.15315315315315314,0.01293103448275862,0.089,32,0.9799027199681882,0.014799771295855399,0.6448954412335385,0.3165167849165142,1.795684521235018,0.0006157635467980296,0.17204301075268819,0.28766076991008827,0.3587659264943665,0.45480149119158914,0.6523737694438831,0.950585407550709
133,0.1052054794520548,0.8165,0.5475349190779509,0.27465018042878947,330,0.11682242990654206,0.013447432762836185,0.0875,33,0.9799104238053034,0.014362371951602294,0.6412123342073077,0.31568626530822563,1.795684521235018,0.003667481662591687,0.171875,0.2868197494813743,0.35910124921041564,0.45399637075147237,0.6465859755538164,0.9429954179836387
134,0.09476584022038567,0.8215,0.5460483850352824,0.2734903986654953,330,0.1651376146788991,0.012859767299448868,0.0925,31,0.9799175103306264,0.013937899711594813,0.6452766353816963,0.3160777187096103,1.7955010545664687,0.003061849357011635,0.18023255813953487,0.28780882561475846,0.3593885888524974,0.4537619398979845,0.643479415926421,0.9407939139508471
135,0.09597352454495311,0.8195,0.5458789549376122,0.2742281968930707,330,0.08808290155440414,0.010955569080949483,0.0935,32,0.9799240046619448,0.013525972522164224,0.6489006914645448,0.31661950643410336,1.795684521235018,0.0018259281801582471,0.1839080459770115,0.28783538379267964,0.3588196932519008,0.453095044113186,0.6411692035628911,0.9395824809733582
136,0.09823399558498896,0.817,0.5439767532185426,0.2740389619379509,333,0.11822660098522167,0.01586333129957291,0.094,33,0.9799299822123617,0.013126219621034128,0.6395974429895314,0.3159561468988071,1.795684521235018,0.0018303843807199512,0.1853932584269663,0.2879319042126764,0.3584582190367116,0.45126343742129293,0.6381029096703584,0.9377843506956738
137,0.1338495575221239,0.783,0.550612682092324,0.27641407983231825,333,0.10869565217391304,0.012851897184822521,0.096,33,0.9799355704247757,0.01273828120360936,0.672917047401321,0.32164424554032844,1.795684521235018,0.047123623011015914,0.13636363636363635,0.2848784039686407,0.36072106870686765,0.46015806876745774,0.6495015189691912,0.9655673780884653
138,0.13970182219768085,0.779,0.5523230692592228,0.27604846086068835,336,0.09420289855072464,0.012132822477650063,0.0945,25,0.9799407245087495,0.012361808099127613,0.6741146102058047,0.3237381060455735,1.795684521235018,0.009578544061302681,0.09881422924901186,0.28608812570276426,0.36057203588556264,0.46286816756126176,0.6530163775646947,0.9680242763155709
139,0.14388489208633093,0.7735,0.5510259469311212,0.2753482775347566,336,0.06713780918727916,0.012836970474967908,0.0965,34,0.9799455109645177,0.011996461456382163,0.6780847563368558,0.3224097719289329,1.795684521235018,0.006418485237483954,0.13076923076923078,0.2847374822855792,0.3605316111311753,0.46141985497277643,0.6511744029064157,0.9654712481508366
140,0.15024766097963677,0.772,0.5518041651932023,0.2755772110033989,337,0.0673758865248227,0.012281835811247576,0.0915,34,0.9799499046602463,0.011641912438732908,0.6797637764799915,0.3225435107095581,1.795684521235018,0.0019392372333548805,0.12454212454212454,0.28706372535371955,0.36028909408791154,0.46191268773547944,0.6516058658429248,0.9672685615692818
141,0.1478021978021978,0.7755,0.5499139070984033,0.27437590544523954,340,0.0859106529209622,0.011010362694300517,0.09,28,0.9799538940593829,0.01129784192813117,0.6754798509190512,0.32375754781764393,1.795684521235018,0.0006476683937823834,0.10408921933085502,0.28624556420730246,0.35955315859707493,0.4613853362621106,0.6511310903523251,0.9572821161350867
142,0.1511500547645126,0.775,0.5511718936545689,0.2761747019780565,342,0.0847457627118644,0.012894906511927788,0.087,37,0.9799575538634838,0.010963940237891956,0.6778910633897771,0.3233865292958061,1.795684521235018,0.0038684719535783366,0.13405797101449277,0.28543053401881613,0.35924303717345973,0.4610944612877763,0.6512443986842897,0.960934043217726
143,0.14912280701754385,0.776,0.5516963631607008,0.2765167385972236,344,0.09868421052631579,0.012258064516129033,0.088,35,0.9799609435554567,0.010639906833955014,0.6782163070528108,0.32278816494130047,1.7954279407394431,0.005806451612903226,0.12867647058823528,0.28576424128336264,0.3588086904805608,0.46167889380737276,0.6511814749365248,0.9587001358622268
144,0.14646187602852442,0.778,0.5490489207825522,0.27530162961974497,345,0.0945945945945946,0.012242268041237113,0.0885,36,0.9799640712552455,0.0103254500643839,0.6782269257500287,0.3215049541188167,1.795684521235018,0.0032216494845360823,0.1348314606741573,0.28505497382005973,0.3595426174089717,0.4598422161593193,0.6491453106554239,0.9443005728933089
145,0.14772103239978035,0.776,0.5477757159320704,0.2747165007559487,346,0.08445945945945946,0.014138817480719794,0.0895,38,0.979966974004944,0.010020286896859508,0.6806072849629673,0.3215129536564115,1.795684521235018,0.004498714652956298,0.1412639405204461,0.28500411978717577,0.3578636896665668,0.4572546069476648,0.6475690004018713,0.9434743670320966
146,0.14364035087719298,0.781,0.5489750270411318,0.27476790236116727,346,0.11301369863013698,0.012242268041237113,0.088,28,0.9799696055294347,0.00972414266393195,0.6841119140095983,0.3217219932225499,1.795684521235018,0.002577319587628866,0.10687022900763359,0.28476929741555357,0.35869815503612124,0.45747687604899967,0.6471899311801155,0.9432734652184489
147,0.14457831325301204,0.781,0.5487755675032173,0.27471230736071506,346,0.09965635738831616,0.015364916773367477,0.087,23,0.9799720648566671,0.009436750815801259,0.6868771784040942,0.32236069851858346,1.795684521235018,0.003201024327784891,0.08712121212121213,0.28425488907637847,0.3593527261532611,0.4574496842800644,0.6449108372386754,0.9471823410335048
148,0.14638157894736842,0.7785,0.5486183070877884,0.2745454018261091,348,0.04946996466431095,0.01088348271446863,0.088,26,0.9799743505498933,0.009157852680404569,0.6812717056456493,0.3226331725907208,1.795684521235018,0.0012804097311139564,0.09737827715355805,0.2844283618363484,0.3589883985346422,0.4569689864415016,0.645272557140445,0.9488902831435758
149,0.16083150984682712,0.767,0.5491628971455538,0.27611845666805085,351,0.06451612903225806,0.00899165061014772,0.086,28,0.9799764218882242,0.008887197230593846,0.6802797719827581,0.3263857839329843,1.7940508041603471,0.018625561978163133,0.09523809523809523,0.2834069894684674,0.35759470885773104,0.4566641991341665,0.6483740327384427,0.9507800103703112
150,0.1628415300546448,0.766,0.5492237783547331,0.275259459971203,352,0.10303030303030303,0.016297262059973925,0.085,33,0.9799783318022341,0.008624540858194467,0.6831778533653338,0.32640888282941305,1.7932014472540019,0.007170795306388526,0.11073825503355705,0.2833714687526526,0.35850503202606837,0.4568314221450065,0.6494151906845977,0.9453017653939971
151,0.16484118291347208,0.7625,0.5488178001485156,0.2749287368246772,353,0.06441717791411043,0.014360313315926894,0.087,41,0.9799800578032912,0.008369647154741443,0.6817050270170222,0.3256690353186001,1.7946589491259748,0.0039164490861618795,0.1362126245847176,0.28326240635438077,0.3603507122595862,0.4573948229337982,0.6483463992216546,0.9447759442042533
152,0.16383561643835617,0.763,0.5492010139064377,0.27534370580952555,354,0.08256880733944955,0.013114754098360656,0.0875,39,0.9799816666750931,0.00812228669869581,0.680995379590695,0.32622297157951236,1.7955170203865378,0.003934426229508197,0.13043478260869565,0.2824795455686509,0.36157528617657814,0.45799064989677085,0.6467013839567208,0.9429588666070753
153,0.16228070175438597,0.764,0.5485843269942292,0.27563079240475347,355,0.071875,0.010484927916120577,0.088,35,0.9799831306647464,0.007882236848949805,0.6827556116924335,0.32714606693583137,1.795684521235018,0.00327653997378768,0.11824324324324324,0.2817012986229641,0.36100293475775813,0.4576646380708922,0.6473638706413369,0.9412435365486835
154,0.16100766703176342,0.766,0.5476222696283141,0.2757575750415624,356,0.0670926517571885,0.009162303664921465,0.087,30,0.9799844766915942,0.0076492815444348106,0.6884649571489332,0.32799153140286963,1.795684521235018,0.001963350785340314,0.10204081632653061,0.2810987468255925,0.36030726559500403,0.45806348659496865,0.6447459239477864,0.9415026107452346
155,0.1566265060240964,0.77,0.5495083556967587,0.277069161311212,358,0.08917197452229299,0.011096605744125326,0.087,25,0.9799857191157544,0.007423211109651795,0.682023242933372,0.32682904103870736,1.795684521235018,0.0019582245430809398,0.08741258741258741,0.28030526067357553,0.3599671786048505,0.4592151681693365,0.6483553610706829,0.9510332412810057
156,0.15181518151815182,0.771,0.5470941569134766,0.2746878088473509,359,0.08090614886731391,0.01103896103896104,0.091,25,0.9799868767986665,0.007203822065949248,0.683499681441114,0.3256382725604887,1.7955387816558241,0.003896103896103896,0.09057971014492754,0.2811783542036754,0.35944429846969683,0.45812442905640816,0.643940523097362,0.9418805518638951
157,0.15625,0.7695,0.546876388800332,0.2751601998072959,360,0.07,0.01297016861219196,0.088,27,0.979987946606122,0.006990916948378632,0.6864248057463245,0.3274296988587859,1.795684521235018,0.0025940337224383916,0.09473684210526316,0.2807777637135,0.3586557968868164,0.4598932966975439,0.6442616351125303,0.941711812551413
158,0.15485996705107083,0.7695,0.545958115796916,0.27497462285332425,360,0.06557377049180328,0.010396361273554255,0.0895,25,0.9799889274859703,0.006784304127962615,0.68633442160596,0.32713738119648417,1.795684521235018,0.002599090318388564,0.08865248226950355,0.2802817517313278,0.358876981875624,0.4585236760560138,0.643261882879183,0.9359834713542841
159,0.15503023639362287,0.7685,0.5452549658571235,0.27466877752877045,364,0.059602649006622516,0.011695906432748537,0.0905,25,0.9799898106067708,0.0065837976392160245,0.6812105271038573,0.3271711730635815,1.795684521235018,0.001299545159194282,0.08865248226950355,0.28009320111170755,0.35863297274394257,0.458049727997455,0.6426299659774193,0.9340262677604316
160,0.1361845807540799,0.7675,0.5446427945774197,0.2744824455178625,366,0.0627062706270627,0.008458035133376708,0.1115,31,0.9799906136520528,0.006389217012764402,0.6805314765673495,0.32756564946618394,1.795684521235018,0.00520494469746259,0.128099173553719,0.27935895449628223,0.35791008565489885,0.45779908500118804,0.642860520845715,0.9343772170504108
161,0.12719050310910118,0.772,0.5450365717196853,0.27515822493656505,369,0.10384615384615385,0.009771986970684038,0.1155,26,0.9799913599399875,0.00620038711290936,0.6830773630500812,0.32925217970896886,1.795684521235018,0.001954397394136808,0.11555555555555555,0.27959339183511944,0.3577998970722705,0.4569543711075271,0.642044452537817,0.9345467988371383
162,0.12719050310910118,0.772,0.5459581394726378,0.2760382495253732,370,0.09274193548387097,0.010362694300518135,0.1155,33,0.9799920465966526,0.006017137979994616,0.6822100776723543,0.3291162484658863,1.795684521235018,0.0045336787564766836,0.14666666666666667,0.2793445111544294,0.35828855104799007,0.45691119862299606,0.642323976668685,0.9404165057119973
163,0.12959818902093945,0.769,0.5456610156190053,0.2762138807626033,373,0.08695652173913043,0.015544041450777202,0.1165,39,0.9799926763330705,0.005839304677430867,0.682867054267836,0.32828750608918417,1.795684521235018,0.0025906735751295338,0.1703056768558952,0.27931542184468927,0.3589477978659555,0.4572389228163558,0.640226961108695,0.9395305532282031
164,0.13028764805414553,0.771,0.544114122117958,0.27553637087168426,374,0.10358565737051793,0.00975292587776333,0.1135,34,0.9799932575947244,0.005666727143241695,0.6873614582314179,0.32963768242237584,1.7925091898522991,0.004551365409622887,0.1471861471861472,0.27899389786890466,0.3576737054780002,0.45615058203791387,0.6374553593291574,0.9350457795623411
165,0.1319796954314721,0.7695,0.545078643706192,0.27510291893111194,378,0.10344827586206896,0.014267185473411154,0.1135,37,0.9799937894879704,0.005499250045997005,0.6787587153646435,0.3287540725994633,1.795684521235018,0.005188067444876783,0.1581196581196581,0.27982787989106894,0.35843613243083056,0.4571249317014168,0.6384723963612783,0.9375222843375468
166,0.12415349887133183,0.776,0.5443644791408894,0.27421087812014633,378,0.15,0.01299545159194282,0.114,30,0.9799942874586762,0.005336722645004219,0.6837452622137089,0.3303546878368664,1.795684521235018,0.003898635477582846,0.13636363636363635,0.2822727895140043,0.35924927358446235,0.4554562406364422,0.6375915089268194,0.9322804879536561
167,0.12697516930022573,0.7735,0.54257089807091,0.27286671803647056,380,0.10714285714285714,0.01610824742268041,0.114,27,0.9799947429130023,0.005178998654631524,0.6793494585933354,0.3310753958018083,1.795684521235018,0.004510309278350515,0.12,0.28280132176472095,0.35842515584806234,0.455017318166807,0.6381042674852386,0.9308873780971666
168,0.12923250564334085,0.7715,0.5427505840785909,0.2736638636954375,382,0.06147540983606557,0.009696186166774402,0.114,32,0.9799951591804628,0.005025936112640898,0.6822725338227389,0.33169794623801796,1.7956845212350179,0.002585649644473174,0.13973799126637554,0.2812961984889283,0.35866973912049843,0.4550303218341249,0.6376053533152443,0.9320192666452407
169,0.12746756909193457,0.7735,0.5418580163835729,0.27405105838365407,382,0.07407407407407407,0.0064808813998703824,0.1135,31,0.9799955412717246,0.0048773972524125105,0.6832113076268823,0.3304289666305095,1.7930662055082827,0.002592352559948153,0.13716814159292035,0.2812075745396015,0.3582138483631089,0.45358695207198063,0.6371296782275884,0.9318575459492485
170,0.12683201803833147,0.7745,0.5404969381514484,0.27279190412747395,385,0.10040160642570281,0.014221073044602456,0.113,29,0.9799958936679825,0.004733248378945486,0.6762203757400379,0.3306875550471049,1.794246930244215,0.0006464124111182935,0.1288888888888889,0.2825539021816194,0.3584515983279781,0.4531153579713573,0.6331038630785738,0.9242906496743065
171,0.12901408450704224,0.773,0.5429434245408992,0.27389800919267443,386,0.10236220472440945,0.014202711426726921,0.1125,37,0.979996220298346,0.004593359748523362,0.6778334119608075,0.3288768182977975,1.7944916774680397,0.004519044544867657,0.1615720524017467,0.2833808174915866,0.36016087415749287,0.45371829172101785,0.63472261254462,0.9314296068962811
172,0.11798071469086784,0.7775,0.542162455958194,0.2735461949987513,386,0.10569105691056911,0.009055627425614488,0.1185,31,0.979996525074123,0.004457605451935998,0.6854627142809487,0.33044659833410395,1.795684521235018,0.0019404915912031048,0.14903846153846154,0.2837810500288489,0.36165815865786954,0.45269099982196165,0.6342618459918807,0.9302506323609172
173,0.1075085324232082,0.7845,0.5418843263630377,0.2732991991726957,387,0.13392857142857142,0.00964630225080386,0.121,16,0.9799968047561013,0.004325863301152768,0.6840951327024976,0.3308004995087778,1.795684521235018,0.0006430868167202572,0.08465608465608465,0.28362379946312916,0.36171242357174377,0.4500860376105255,0.6345257530882977,0.9310400417849489
174,0.10876993166287016,0.7825,0.5409727111741508,0.27353368554096436,394,0.09389671361502347,0.012109623964308477,0.122,20,0.9799970580927276,0.004198014719345108,0.6734221620040498,0.3309550876153104,1.795684521235018,0.0031867431485022306,0.10471204188481675,0.28248013572426806,0.36067923426868953,0.44750123424245364,0.6316457391345142,0.9309714908999017
175,0.10933940774487472,0.782,0.5414391500345903,0.27347598873053086,394,0.11926605504587157,0.010862619808306708,0.122,32,0.9799972920251085,0.0040739446341593565,0.6793908541947835,0.330823719514661,1.7956798397246527,0.006389776357827476,0.16666666666666666,0.2818352164082197,0.3595355472725897,0.449083080091487,0.6340173795381122,0.9313672850521936
176,0.11015981735159817,0.7795,0.5394305432776872,0.2723642119532613,397,0.08796296296296297,0.010230179028132993,0.124,29,0.9799975040018133,0.003953541374143858,0.6835193233414423,0.3319446805852439,1.795684521235018,0.005115089514066497,0.15025906735751296,0.2811965422685446,0.35819901446758573,0.4473636131285386,0.6303986375741525,0.9251780489277095
177,0.10484330484330484,0.7855,0.5386147247336839,0.27226989806898794,398,0.12560386473429952,0.006414368184733804,0.1225,24,0.9799976979932034,0.003836696568237137,0.6863903383706121,0.331951035420872,1.795684521235018,0.0025657472738935213,0.13043478260869565,0.2807575233654922,0.35775950419355595,0.4461692112272354,0.6309052118483165,0.9230971576662079
178,0.10427350427350428,0.786,0.5394446329544478,0.272597349129439,401,0.09852216748768473,0.008911521323997454,0.1225,21,0.9799978778502832,0.0037233050482266177,0.6777547709701814,0.329769816732514,1.7952593335713425,0.003182686187141948,0.11475409836065574,0.2812894618343652,0.3577662562818817,0.4468549624218721,0.6322308600731056,0.9214160185549526
179,0.10553337136337707,0.784,0.5377360200834843,0.2724698405706354,403,0.07425742574257425,0.010178117048346057,0.1235,30,0.9799980456832856,0.0036132647540901364,0.6834314108697063,0.3311258149352711,1.795684521235018,0.0019083969465648854,0.16216216216216217,0.28144407446942304,0.3569827919624574,0.44641194212637547,0.6272537117243762,0.9202057232387637
180,0.10649202733485194,0.7845,0.5371592106667882,0.27343188877157293,403,0.11538461538461539,0.009566326530612245,0.122,31,0.9799982001934514,0.003506476642135021,0.6878322697166114,0.3335988373011048,1.795684521235018,0.00510204081632653,0.1657754010695187,0.2809261470655379,0.3560937924011898,0.44431392449757817,0.6274590355830886,0.9201398117502498
181,0.1112372304199773,0.783,0.5362966073965253,0.272689064440662,405,0.11214953271028037,0.014659018483110261,0.119,29,0.9799983417578321,0.0034028445958521007,0.6808169497550658,0.3323606397431877,1.795684521235018,0.0025493945188017845,0.14795918367346939,0.2811031540298393,0.35554847485420454,0.4445671837176185,0.6264977010446708,0.9154601227342798
182,0.10909090909090909,0.784,0.5368936636952143,0.273773844117716,407,0.0892018779342723,0.008939974457215836,0.12,31,0.9799984738562854,0.0033022753394043487,0.6828425765963346,0.333209708189388,1.795684521235018,0.0019157088122605363,0.16145833333333334,0.28031140720115627,0.35462376941515444,0.44306938969330356,0.6282552106269057,0.9164398163584265
183,0.10631040363843093,0.786,0.5384584883751076,0.27444731174302417,407,0.10900473933649289,0.009566326530612245,0.1205,28,0.9799985957862986,0.0032046783536723365,0.6864250338776612,0.3338533876379039,1.795684521235018,0.002551020408163265,0.1497326203208556,0.2788960440949111,0.3544480202458353,0.4454971906355219,0.6307761719763763,0.916060330179371
184,0.11274787535410764,0.783,0.5381292661879725,0.27514085353674633,408,0.08962264150943396,0.012086513994910942,0.1175,28,0.979998708412605,0.0031099657947809044,0.6881599878819051,0.33405061518495766,1.795684521235018,0.003816793893129771,0.1407035175879397,0.2778296472740067,0.35367706672145166,0.4459276490701745,0.6301083717236122,0.9175390451979233
185,0.1152542372881356,0.783,0.5376874218023646,0.27524354643783805,408,0.09954751131221719,0.011494252873563218,0.115,28,0.9799988133229245,0.0030180524150337645,0.6872044069775617,0.3335968193780391,1.795684521235018,0.002554278416347382,0.13725490196078433,0.27829820956512086,0.35204220772289063,0.4452915631221479,0.6302800894641278,0.9192229194997643
186,0.11494903737259343,0.7815,0.5376326416172578,0.2749034842784074,409,0.09210526315789473,0.014687100893997445,0.117,30,0.9799989085311592,0.002928855486184807,0.6853436528164297,0.3333095384553087,1.795684521235018,0.0006385696040868455,0.1477832512315271,0.278127911064743,0.3531831038210703,0.44531069918767346,0.6302129062994357,0.9192309743555216
187,0.16789563244469655,0.7335,0.5536511478633716,0.2692241676681955,410,0.065625,0.010236724248240563,0.1185,27,0.9799989954559938,0.0028422947249770896,0.5925660695941117,0.3083742753496809,1.795684521235018,0.06461932181701856,0.09121621621621621,0.29381830598055214,0.3671007750904815,0.46115891603586906,0.6491873669334489,0.9364281620114836
188,0.17490062464508802,0.7265,0.5554581556572101,0.26851740142221975,410,0.06626506024096386,0.010906612133605999,0.1195,26,0.9799990754190122,0.0027582922208825014,0.579767855615473,0.303889688391271,1.7942080037185058,0.013633265167007498,0.08441558441558442,0.2953641748826029,0.36892961659607537,0.4653787130747849,0.6498327851333147,0.9590037167874247
189,0.17851051733939738,0.7225,0.5553420488594379,0.26858224516479245,413,0.03363914373088685,0.011011699931176875,0.1205,31,0.9799991487766624,0.002676772365977018,0.5781279596102044,0.30348465422806187,1.7949133230907504,0.0020646937370956643,0.09872611464968153,0.2951686893002475,0.36845309476703536,0.46508009989864074,0.6500366924627361,0.9593164646541309
190,0.17697107203630175,0.7255,0.553995951646127,0.2679267592197079,417,0.09411764705882353,0.01453287197231834,0.1185,31,0.9799992155799254,0.0025976617868884713,0.5696490660305028,0.30338565689105074,1.795684521235018,0.0034602076124567475,0.09935897435897435,0.294727671514984,0.3681652903837952,0.46403952725607656,0.6471886267113292,0.945566450527453
191,0.17364253393665158,0.7305,0.5547521017624188,0.267421141029926,418,0.09309309309309309,0.012405237767057202,0.116,31,0.9799992770531333,0.0025208892787555535,0.5730511016233136,0.30338617321795963,1.795684521235018,0.002067539627842867,0.10097719869706841,0.2955631704465688,0.3704113773601936,0.4656897699535418,0.6440313057847732,0.9387204184853548
192,0.17853107344632768,0.727,0.5538862305104374,0.26682380891474516,419,0.06547619047619048,0.013689253935660506,0.115,33,0.9799993348339251,0.002446385741138646,0.5794001365999518,0.30289209737669665,1.795684521235018,0.006160164271047228,0.10443037974683544,0.296921457154962,0.3724110111011603,0.4648337630274122,0.6418757837092945,0.9307062925071413
193,0.1755379388448471,0.728,0.5538918668677152,0.266304281744758,420,0.0513595166163142,0.008940852819807428,0.117,32,0.9799993879130976,0.0023740841158247576,0.5734422815456676,0.30301958964738485,1.795684521235018,0.001375515818431912,0.1032258064516129,0.296749538335322,0.37262409606288127,0.46552371444718244,0.6427665510590598,0.9304732163953646
194,0.17110481586402265,0.7315,0.5537364269173161,0.2655772398811146,423,0.07621951219512195,0.008928571428571428,0.1175,25,0.979999436132232,0.0023039193264705947,0.5730317565373266,0.30478826506350715,1.795684521235018,0.003434065934065934,0.08278145695364239,0.2968981201174002,0.3730420719635421,0.46540225201213853,0.6436305679925314,0.9375898316715661
195,0.18665158371040724,0.719,0.5551580158213745,0.2641995169038503,424,0.06837606837606838,0.01572112098427888,0.116,32,0.979999480810565,0.002235828220029475,0.5765811708127464,0.30137828158657365,1.795684521235018,0.0177717019822283,0.09696969696969697,0.29855637796893225,0.3745170693153833,0.46777160519920435,0.6446998138677287,0.9344526628593283
196,0.18294748729531338,0.7235,0.5556549400987748,0.2634483823458187,427,0.08547008547008547,0.009735744089012517,0.1145,19,0.9799995218692772,0.0021697495099093148,0.5748264679386348,0.3014067577222131,1.795684521235018,0.004867872044506259,0.05864197530864197,0.2987098866528528,0.3753492968748303,0.4684329577391216,0.6483275189564881,0.9376987998396511
197,0.18816901408450704,0.7205,0.5535637578461695,0.2628582314223015,428,0.07563025210084033,0.01796821008984105,0.1125,24,0.9799995597240362,0.0021056237208105606,0.5784880185805387,0.2993428232644981,1.7950000725354278,0.0048375950241879755,0.0718562874251497,0.29827979462874527,0.37427513342927676,0.4661789737076822,0.643425487854312,0.9303481211916428
198,0.18022598870056497,0.7255,0.5556887732760498,0.2632264327041849,430,0.09749303621169916,0.016655100624566273,0.115,16,0.9799995947825267,0.0020433931351943988,0.5757013718069228,0.29888420537383553,1.7954312173904123,0.0006939625260235947,0.050156739811912224,0.29965774458961625,0.3747127093040562,0.4672274574036132,0.646032686120823,0.9499225901999425
199,0.18269230769230768,0.7225,0.5561570775083555,0.26329732588362964,432,0.052478134110787174,0.011026878015161957,0.116,23,0.9799996269268625,0.001983001741333087,0.5751681712542642,0.2981568426684725,1.795684521235018,0.005513439007580979,0.07120743034055728,0.29834299365011235,0.3757097999007064,0.46852839175396177,0.6489341123402934,0.9487747526534079
200,0.17945823927765236,0.727,0.5540103769569512,0.2615551722280376,435,0.0872093023255814,0.01245674740484429,0.114,21,0.9799996569657149,0.0019243951828956094,0.5726799007560798,0.29891098140278116,1.795684521235018,0.0020761245674740486,0.0660377358490566,0.29973823829346713,0.37596358140621716,0.4671117880672547,0.6440385267035273,0.9276742796692059
201,0.18330513254371122,0.724,0.5533168036355403,0.26063390866908565,438,0.06086956521739131,0.015130674002751032,0.1135,31,0.9799996845451557,0.0018675207100233083,0.5776356866693637,0.2995562058351618,1.795684521235018,0.0034387895460797797,0.09538461538461539,0.29951059422918574,0.3762453752217672,0.4680555406878427,0.6441879056560443,0.9279893353146169
202,0.18161308516638466,0.7255,0.5541032182058654,0.2623479428125878,439,0.07471264367816093,0.012430939226519336,0.1135,31,0.979999709808271,0.0018123271318514576,0.5763591594137436,0.2997496573701964,1.7936654651726605,0.003453038674033149,0.09627329192546584,0.298634176331265,0.37610875972819635,0.4671670679879028,0.6451516419359824,0.9301843966449217
203,0.18510158013544017,0.722,0.5546092753888187,0.2618898740501144,439,0.06534090909090909,0.01722949689869056,0.114,38,0.9799997329001033,0.001758764770434025,0.5783050361035785,0.2988516266837554,1.795684521235018,0.0034458993797381117,0.11585365853658537,0.2998350836160297,0.3785796261820574,0.4666985385291611,0.6456846961418199,0.9217856275309458
204,0.18294748729531338,0.7235,0.5549590235049996,0.2625497348119604,440,0.052478134110787174,0.006232686980609419,0.1145,29,0.9799997544234207,0.001706785416030168,0.5785410318851102,0.2992922968203359,1.795684521235018,0.004155124653739612,0.08950617283950617,0.2996117775503891,0.3777903564882543,0.4663628147248889,0.6452545173278182,0.9235951015286129
205,0.18637387387387389,0.7225,0.5553466276474364,0.2624919292868932,441,0.057803468208092484,0.013821700069108501,0.112,31,0.9799997740301714,0.0016563422837122086,0.5842630807481378,0.3000919136766218,1.795684521235018,0.00138217000691085,0.09365558912386707,0.29923811466478695,0.37859707298563783,0.4670318118222939,0.6478138179940403,0.9241207815943013
206,0.18058690744920994,0.726,0.556053432257128,0.261303732701344,444,0.07692307692307693,0.011764705882352941,0.114,24,0.979999791926867,0.0016073899712560483,0.5811386133907601,0.2996124866695544,1.795684521235018,0.0020761245674740486,0.075,0.29969757520701296,0.3787421509461694,0.4663432942567066,0.6482040344133855,0.924986869073709
207,0.17374080362195812,0.73,0.5539559161151807,0.26029796567735164,444,0.08235294117647059,0.010330578512396695,0.1165,26,0.9799998083735495,0.0015598844182760966,0.5819725974611559,0.2992736092017519,1.795684521235018,0.003443526170798898,0.08469055374592833,0.3000184781730688,0.3794710406932414,0.46593666679972484,0.6430626823587495,0.9207451560195938
208,0.1731748726655348,0.7305,0.5548821609833767,0.26090875575058453,448,0.05846153846153846,0.008904109589041096,0.1165,20,0.9799998235240622,0.001513782866567952,0.5762517239482037,0.29874094974084014,1.795684521235018,0.003424657534246575,0.06535947712418301,0.29996998238474426,0.379398944366084,0.46633517164084165,0.6442657935656457,0.9247655094781341
209,0.1695108077360637,0.73,0.5553865862675802,0.26107627862617755,451,0.05246913580246913,0.01026694045174538,0.121,30,0.9799998376194221,0.0014690438216231258,0.5764062856729661,0.29878050812587653,1.795684521235018,0.002053388090349076,0.10067114093959731,0.3003079022298275,0.3791443599456333,0.4670094721038992,0.6458588520309286,0.9299930682079812
210,0.1398354876615746,0.732,0.5552384845348356,0.26051595000114286,455,0.06962025316455696,0.010958904109589041,0.149,32,0.979999850571768,0.0014256270152811935,0.576578162867948,0.29951297707093727,1.7943437666978534,0.0013698630136986301,0.13445378151260504,0.30048903552068296,0.3783889910430273,0.46670480091313804,0.6450673611040991,0.9282202668017062
211,0.1443661971830986,0.729,0.5513831987415775,0.2570018595117646,456,0.11594202898550725,0.010245901639344262,0.148,29,0.9799998625858394,0.0013834933694857258,0.5736609731802456,0.2962231429822706,1.795684521235018,0.015710382513661202,0.11788617886178862,0.302845217758174,0.3783902489028194,0.4642627079075756,0.6394297430251288,0.9178610973755396
212,0.14964788732394366,0.7245,0.5493043554960253,0.25586557280000294,458,0.07272727272727272,0.012345679012345678,0.148,30,0.9799998737184643,0.0013426049611113982,0.5749631817780916,0.2972206586727933,1.795684521235018,0.0075445816186556925,0.11764705882352941,0.3023611701258742,0.3775468403704614,0.46232590212704766,0.6376101475273053,0.913852185196361
213,0.1466275659824047,0.7275,0.5481094452322837,0.25535190469503544,459,0.08455882352941177,0.010351966873706004,0.1475,28,0.9799998838097945,0.0013029249878306246,0.573791439182077,0.29953149361891535,1.795684521235018,0.0013802622498274672,0.112,0.303790618709447,0.37747567838323687,0.4608987131189758,0.6354766758341126,0.9099691088457572
214,0.1483225426721601,0.7235,0.5477673527292883,0.2548438520857604,460,0.07857142857142857,0.015807560137457044,0.1505,31,0.9799998932134829,0.0012644177349889736,0.5780948975122242,0.2975996610141278,1.795684521235018,0.004810996563573883,0.12301587301587301,0.3050550396883914,0.3772569091618392,0.4610616599719554,0.6364552633420655,0.907262587486268
215,0.14926253687315635,0.721,0.5478131195900853,0.25525001263981384,461,0.07885304659498207,0.0165860400829302,0.1525,36,0.9799999017695837,0.0012270485434595715,0.5765347599545716,0.29690462601545514,1.795684521235018,0.002073255010366275,0.1422924901185771,0.304587851703618,0.37741078415226875,0.46128343920738174,0.6357168740727136,0.9114487997357916
216,0.1463126843657817,0.7235,0.5470993846131678,0.2547759321268853,463,0.07462686567164178,0.009708737864077669,0.1525,33,0.9799999096038293,0.0011907837784475436,0.5792473781865642,0.2979961923601693,1.795684521235018,0.0006934812760055479,0.13306451612903225,0.305774953333357,0.3770095161562441,0.46113992104664825,0.635511538790749,0.9081493141654383
217,0.14823529411764705,0.724,0.5495036873737528,0.2559657376429936,463,0.09191176470588236,0.01243953006219765,0.15,33,0.9799999168153158,0.0011555907992164347,0.5833192755672555,0.2985015021796524,1.795684521235018,0.00414651002073255,0.13095238095238096,0.30587265212955445,0.3773061157966796,0.46104964038022556,0.6373493789513878,0.9164970114182609
218,0.14817001180637543,0.7215,0.549441612232791,0.2562092674476442,464,0.08540925266903915,0.016574585635359115,0.153,33,0.9799999234972929,0.0011214379297093406,0.5745027235657247,0.29715811590925795,1.795684521235018,0.003453038674033149,0.13147410358565736,0.3054506014643106,0.3765564587635598,0.46113991054131875,0.6370066122632454,0.9128322072011112
219,0.14749262536873156,0.7225,0.5487047655099133,0.2561071908721227,466,0.07777777777777778,0.01178101178101178,0.1525,32,0.979999929665153,0.0010882944300383151,0.5739186972016942,0.2974123990209043,1.7952715423504135,0.001386001386001386,0.128,0.3045727350344702,0.37597742882133417,0.46026809612067887,0.6373268452855362,0.9124513237512215
220,0.14530419373892497,0.7235,0.5493264259462609,0.2566667545684955,469,0.09157509157509157,0.01591695501730104,0.1535,36,0.9799999353865559,0.0010561304688164021,0.5754564402238935,0.2981463335351356,1.7956118352754293,0.0,0.14634146341463414,0.3042887258984801,0.37599048450031014,0.46080215659899787,0.6373922000934462,0.9179410112444006
221,0.13949381989405532,0.731,0.5482398342648137,0.256178486601273,472,0.1348314606741573,0.011748445058742226,0.1505,26,0.9799999406186902,0.0010249170963073692,0.5707961796419895,0.2966893407291817,1.795684521235018,0.0027643400138217,0.10970464135021098,0.30416529361522143,0.37605884160908953,0.46071435424894824,0.6351870615638048,0.9129110806015416
222,0.16117647058823528,0.713,0.5504798716713639,0.2593656613592192,474,0.08695652173913043,0.011627906976744186,0.15,30,0.9799999453931315,0.0009946262183689932,0.5709722333288438,0.30089389621535,1.795684521235018,0.030779753761969904,0.10948905109489052,0.3028759805269824,0.3743335123904639,0.46137382281307093,0.6390033608888257,0.9156913430794561
223,0.16176470588235295,0.7125,0.5499967976004807,0.25917362149161105,476,0.08333333333333333,0.010518934081346423,0.15,25,0.97999994979881,0.0009652305711664324,0.5684215623721239,0.30176213251234435,1.795684521235018,0.007713884992987377,0.09090909090909091,0.30281181785163763,0.3737372278258408,0.4607927201371313,0.6393417456922569,0.9133059819735944
224,0.16354044548651817,0.7135,0.5537518155658855,0.2606096371049034,477,0.09,0.014035087719298246,0.147,23,0.9799999538737082,0.0009367036966329396,0.5704671021034291,0.30066467412790493,1.795684521235018,0.0035087719298245615,0.08243727598566308,0.30367684214531626,0.3747409464342569,0.4629382747404513,0.6480561141604683,0.9205804376058173
225,0.16627634660421545,0.712,0.551884673997387,0.2596872520477012,478,0.050505050505050504,0.009110021023125438,0.146,23,0.9799999575945839,0.0009090199186558136,0.5701726471407422,0.30245212872300153,1.795684521235018,0.00350385423966363,0.08098591549295775,0.3030129421589437,0.3737302763764969,0.4634492657496374,0.6430128594339688,0.915346102863099
226,0.16705744431418523,0.7105,0.5485970498567164,0.25710173142337367,478,0.05901639344262295,0.011235955056179775,0.147,23,0.9799999609648034,0.0008821543199661622,0.5736884851102736,0.3022593612978678,1.795684521235018,0.0035112359550561797,0.08070175438596491,0.30275677787319955,0.3722189418628108,0.4629886746836866,0.639981971226973,0.90279271514971
227,0.17164616285881665,0.707,0.5479306758797922,0.25708675587065727,480,0.039473684210526314,0.011963406052076003,0.1465,28,0.9799999640761338,0.0008560827197116836,0.5745275775075458,0.3021854009463718,1.795684521235018,0.0014074595355383533,0.09556313993174062,0.3026139083169581,0.37146287287637975,0.46311730557279346,0.6397179877571652,0.9017601745915408
228,0.173785839672323,0.706,0.5478591877682651,0.25700865384486493,483,0.06050955414012739,0.010608203677510608,0.1455,30,0.9799999669774192,0.0008307816516922626,0.5722598335671079,0.3008859876913486,1.795684521235018,0.004243281471004243,0.10101010101010101,0.30225279635861674,0.3716450505534754,0.4632523410441575,0.6400113360465524,0.9005748024250895
229,0.16647058823529412,0.7085,0.548166992984286,0.257273053792397,485,0.0759493670886076,0.012039660056657223,0.15,31,0.9799999695904353,0.0008062283432388091,0.5741044903112015,0.3014583175822187,1.795684521235018,0.00141643059490085,0.10954063604240283,0.3025573383163691,0.37133155715471194,0.46357132362779746,0.6409573442224353,0.9038647602704079
230,0.1789906103286385,0.6995,0.547972439619709,0.25832001358692247,487,0.06811145510835913,0.012702893436838392,0.148,34,0.979999972047066,0.0007824006947163157,0.5738433965476343,0.3034859957428378,1.7945574307622925,0.015525758645024701,0.11147540983606558,0.30181728536455066,0.3701159656300914,0.4636094764396135,0.6406774392506881,0.905038914394475
231,0.17598587404355504,0.7,0.5485844222722326,0.2583427228292391,490,0.09253731343283582,0.013581129378127233,0.1505,30,0.9799999743072884,0.0007592772596326982,0.5722971355442662,0.30414622447166073,1.795066265899758,0.007862759113652609,0.10033444816053512,0.3035671718862383,0.3706641953819934,0.4630199056777453,0.6413786248757057,0.9060614706563102
232,0.1776470588235294,0.699,0.54958473509806,0.25810959583660664,490,0.07384615384615385,0.013571428571428571,0.15,31,0.979999976352125,0.0007368372253355035,0.5762438896119858,0.30392412516999523,1.795684521235018,0.005,0.10264900662251655,0.3047548150305889,0.37117983058412923,0.4640869222813772,0.6403600971536701,0.9100707328659066
233,0.178508514386377,0.6995,0.5496450588440868,0.25825193437312527,494,0.06811145510835913,0.011444921316165951,0.1485,25,0.9799999782673446,0.0007150603942791149,0.5786290657018999,0.30572773677517945,1.795684521235018,0.00357653791130186,0.08223684210526316,0.3041049438128427,0.3713028424237955,0.46329217359502217,0.6418947431489832,0.9112227083715989
234,0.1781305114638448,0.699,0.5490231746513105,0.2577230982283064,496,0.08408408408408409,0.013581129378127233,0.1495,31,0.9799999800216301,0.000693927165845602,0.5741260693677559,0.30415712793108146,1.794505446984922,0.007147962830593281,0.10231023102310231,0.3048333578413529,0.37120301410259554,0.46367567681942323,0.6423373145372164,0.9073651120063619
235,0.17529411764705882,0.701,0.547836012624749,0.2569536841712826,500,0.07430340557275542,0.013590844062947067,0.15,34,0.9799999816105733,0.0006734185187028392,0.5729213862239203,0.3043451422254556,1.7954920726563635,0.000715307582260372,0.11409395973154363,0.30512860818534315,0.371242159164512,0.46326365882667675,0.6409445247642815,0.8994345188257197
236,0.17411764705882352,0.702,0.5485377760342669,0.25728286542670403,500,0.08923076923076922,0.01355206847360913,0.15,38,0.9799999830664015,0.0006535159936840233,0.5806605989961747,0.3054151662281286,1.795684521235018,0.005706134094151213,0.12837837837837837,0.3042500847478156,0.37146871687258964,0.46319216500606325,0.6413173535311092,0.9013916626627955
237,0.1690307328605201,0.703,0.5479959381852001,0.2568388441018734,501,0.09538461538461539,0.01638176638176638,0.154,29,0.9799999844297203,0.0006342016771731753,0.5747237394614277,0.3035717280541628,1.795684521235018,0.004273504273504274,0.10139860139860139,0.3047529781067901,0.3707553464893982,0.46209123828423726,0.6423111068510903,0.9014988828041868
238,0.16912197996464348,0.705,0.5457370640290183,0.25491877859300516,504,0.07540983606557378,0.012802275960170697,0.1515,27,0.9799999856743619,0.0006154581849816807,0.5761342142693697,0.3042719991652049,1.795684521235018,0.0007112375533428165,0.09407665505226481,0.30715220060493603,0.37066255046709334,0.4598837707114324,0.6408175355206783,0.8978671509326055
239,0.1705014749262537,0.703,0.5469652174416728,0.25547784649066385,507,0.0673076923076923,0.012056737588652482,0.1525,31,0.9799999868144915,0.0005972686467013439,0.5702943050783243,0.3025746167108879,1.795669138801922,0.005673758865248227,0.10726643598615918,0.3083835009229847,0.3704985382802206,0.4603061938929526,0.640951923249049,0.8991854733106615
